product_id,warehouse_id,current_stock,reorder_level,updated_at
P0001,W01,409,205,2026-09-06T01:25:20.952348
P0001,W02,613,233,2026-09-06T01:25:20.952348
P0001,W03,247,222,2026-09-06T01:25:20.952348
P0001,W04,862,189,2026-09-06T01:25:20.952348
P0001,W05,368,263,2026-09-06T01:25:20.952348
P0001,W06,665,193,2026-09-06T01:25:20.952348
P0001,W07,663,104,2026-09-06T01:25:20.952348
P0001,W08,286,186,2026-09-06T01:25:20.952348
P0002,W01,557,162,2026-09-06T01:25:20.952348
P0002,W02,552,226,2026-09-06T01:25:20.952348
P0002,W03,369,109,2026-09-06T01:25:20.952348
P0002,W04,13,289,2026-09-06T01:25:20.952348
P0002,W05,511,291,2026-09-06T01:25:20.952348
P0002,W06,475,108,2026-09-06T01:25:20.952348
P0002,W07,631,248,2026-09-06T01:25:20.952348
P0002,W08,55,287,2026-09-06T01:25:20.952348
P0003,W01,192,129,2026-09-06T01:25:20.952348
P0003,W02,454,137,2026-09-06T01:25:20.952348
P0003,W03,97,261,2026-09-06T01:25:20.952348
P0003,W04,899,119,2026-09-06T01:25:20.952348
P0003,W05,812,158,2026-09-06T01:25:20.952348
P0003,W06,784,192,2026-09-06T01:25:20.952348
P0003,W07,601,280,2026-09-06T01:25:20.952348
P0003,W08,512,100,2026-09-06T01:25:20.952348
P0004,W01,289,149,2026-09-06T01:25:20.952348
P0004,W02,214,160,2026-09-06T01:25:20.952348
P0004,W03,112,293,2026-09-06T01:25:20.952348
P0004,W04,383,272,2026-09-06T01:25:20.952348
P0004,W05,430,248,2026-09-06T01:25:20.952348
P0004,W06,430,167,2026-09-06T01:25:20.952348
P0004,W07,18,129,2026-09-06T01:25:20.952348
P0004,W08,49,121,2026-09-06T01:25:20.952348
P0005,W01,319,203,2026-09-06T01:25:20.952348
P0005,W02,31,123,2026-09-06T01:25:20.952348
P0005,W03,907,258,2026-09-06T01:25:20.952348
P0005,W04,693,151,2026-09-06T01:25:20.952348
P0005,W05,943,153,2026-09-06T01:25:20.952348
P0005,W06,334,147,2026-09-06T01:25:20.952348
P0005,W07,7,211,2026-09-06T01:25:20.952348
P0005,W08,170,144,2026-09-06T01:25:20.952348
P0006,W01,828,198,2026-09-06T01:25:20.952348
P0006,W02,55,275,2026-09-06T01:25:20.952348
P0006,W03,580,153,2026-09-06T01:25:20.952348
P0006,W04,79,199,2026-09-06T01:25:20.952348
P0006,W05,761,170,2026-09-06T01:25:20.952348
P0006,W06,133,294,2026-09-06T01:25:20.952348
P0006,W07,395,202,2026-09-06T01:25:20.952348
P0006,W08,857,158,2026-09-06T01:25:20.952348
P0007,W01,236,129,2026-09-06T01:25:20.952348
P0007,W02,388,124,2026-09-06T01:25:20.952348
P0007,W03,299,113,2026-09-06T01:25:20.952348
P0007,W04,925,240,2026-09-06T01:25:20.952348
P0007,W05,976,139,2026-09-06T01:25:20.952348
P0007,W06,194,126,2026-09-06T01:25:20.952348
P0007,W07,7,116,2026-09-06T01:25:20.952348
P0007,W08,486,121,2026-09-06T01:25:20.952348
P0008,W01,707,214,2026-09-06T01:25:20.952348
P0008,W02,123,254,2026-09-06T01:25:20.952348
P0008,W03,813,249,2026-09-06T01:25:20.952348
P0008,W04,302,181,2026-09-06T01:25:20.952348
P0008,W05,476,289,2026-09-06T01:25:20.952348
P0008,W06,256,111,2026-09-06T01:25:20.952348
P0008,W07,342,295,2026-09-06T01:25:20.952348
P0008,W08,112,254,2026-09-06T01:25:20.952348
P0009,W01,681,263,2026-09-06T01:25:20.952348
P0009,W02,586,192,2026-09-06T01:25:20.954352
P0009,W03,29,241,2026-09-06T01:25:20.954352
P0009,W04,75,253,2026-09-06T01:25:20.954352
P0009,W05,917,281,2026-09-06T01:25:20.954352
P0009,W06,11,101,2026-09-06T01:25:20.954352
P0009,W07,861,293,2026-09-06T01:25:20.954352
P0009,W08,833,185,2026-09-06T01:25:20.954352
P0010,W01,422,297,2026-09-06T01:25:20.954352
P0010,W02,451,159,2026-09-06T01:25:20.954352
P0010,W03,652,191,2026-09-06T01:25:20.954352
P0010,W04,161,206,2026-09-06T01:25:20.954352
P0010,W05,231,193,2026-09-06T01:25:20.954352
P0010,W06,612,194,2026-09-06T01:25:20.954352
P0010,W07,89,220,2026-09-06T01:25:20.954352
P0010,W08,818,210,2026-09-06T01:25:20.954352
P0011,W01,244,192,2026-09-06T01:25:20.954352
P0011,W02,186,167,2026-09-06T01:25:20.954352
P0011,W03,112,161,2026-09-06T01:25:20.954352
P0011,W04,667,107,2026-09-06T01:25:20.954352
P0011,W05,153,280,2026-09-06T01:25:20.954352
P0011,W06,190,234,2026-09-06T01:25:20.954352
P0011,W07,802,293,2026-09-06T01:25:20.954352
P0011,W08,385,222,2026-09-06T01:25:20.954352
P0012,W01,100,113,2026-09-06T01:25:20.954352
P0012,W02,406,206,2026-09-06T01:25:20.954352
P0012,W03,334,290,2026-09-06T01:25:20.954352
P0012,W04,433,105,2026-09-06T01:25:20.954352
P0012,W05,172,175,2026-09-06T01:25:20.954352
P0012,W06,595,142,2026-09-06T01:25:20.954352
P0012,W07,990,149,2026-09-06T01:25:20.954352
P0012,W08,375,214,2026-09-06T01:25:20.954352
P0013,W01,450,213,2026-09-06T01:25:20.954352
P0013,W02,294,120,2026-09-06T01:25:20.954352
P0013,W03,680,177,2026-09-06T01:25:20.954352
P0013,W04,593,111,2026-09-06T01:25:20.954352
P0013,W05,376,220,2026-09-06T01:25:20.954352
P0013,W06,87,227,2026-09-06T01:25:20.954352
P0013,W07,345,149,2026-09-06T01:25:20.954352
P0013,W08,154,132,2026-09-06T01:25:20.954352
P0014,W01,730,226,2026-09-06T01:25:20.954352
P0014,W02,884,274,2026-09-06T01:25:20.954352
P0014,W03,639,258,2026-09-06T01:25:20.954352
P0014,W04,867,226,2026-09-06T01:25:20.954352
P0014,W05,710,273,2026-09-06T01:25:20.954352
P0014,W06,786,189,2026-09-06T01:25:20.954352
P0014,W07,167,200,2026-09-06T01:25:20.954352
P0014,W08,124,180,2026-09-06T01:25:20.954352
P0015,W01,539,218,2026-09-06T01:25:20.954352
P0015,W02,966,233,2026-09-06T01:25:20.954352
P0015,W03,639,280,2026-09-06T01:25:20.954352
P0015,W04,931,234,2026-09-06T01:25:20.954352
P0015,W05,609,282,2026-09-06T01:25:20.954352
P0015,W06,118,202,2026-09-06T01:25:20.954352
P0015,W07,835,286,2026-09-06T01:25:20.954352
P0015,W08,567,163,2026-09-06T01:25:20.954352
P0016,W01,101,222,2026-09-06T01:25:20.954352
P0016,W02,994,127,2026-09-06T01:25:20.954352
P0016,W03,324,129,2026-09-06T01:25:20.954352
P0016,W04,95,117,2026-09-06T01:25:20.954352
P0016,W05,264,141,2026-09-06T01:25:20.954352
P0016,W06,740,167,2026-09-06T01:25:20.954352
P0016,W07,118,140,2026-09-06T01:25:20.954352
P0016,W08,299,279,2026-09-06T01:25:20.954352
P0017,W01,825,228,2026-09-06T01:25:20.954352
P0017,W02,319,193,2026-09-06T01:25:20.954352
P0017,W03,908,178,2026-09-06T01:25:20.954352
P0017,W04,989,206,2026-09-06T01:25:20.954352
P0017,W05,450,155,2026-09-06T01:25:20.954352
P0017,W06,76,272,2026-09-06T01:25:20.954352
P0017,W07,957,152,2026-09-06T01:25:20.954352
P0017,W08,454,119,2026-09-06T01:25:20.954352
P0018,W01,945,289,2026-09-06T01:25:20.954352
P0018,W02,481,282,2026-09-06T01:25:20.954352
P0018,W03,270,123,2026-09-06T01:25:20.954352
P0018,W04,587,100,2026-09-06T01:25:20.954352
P0018,W05,698,204,2026-09-06T01:25:20.954352
P0018,W06,411,252,2026-09-06T01:25:20.954352
P0018,W07,328,179,2026-09-06T01:25:20.954352
P0018,W08,926,181,2026-09-06T01:25:20.954352
P0019,W01,670,113,2026-09-06T01:25:20.954352
P0019,W02,555,190,2026-09-06T01:25:20.954352
P0019,W03,487,289,2026-09-06T01:25:20.954352
P0019,W04,833,101,2026-09-06T01:25:20.954352
P0019,W05,196,165,2026-09-06T01:25:20.954352
P0019,W06,7,131,2026-09-06T01:25:20.954352
P0019,W07,665,123,2026-09-06T01:25:20.954352
P0019,W08,955,226,2026-09-06T01:25:20.954352
P0020,W01,412,122,2026-09-06T01:25:20.954352
P0020,W02,472,107,2026-09-06T01:25:20.954352
P0020,W03,396,126,2026-09-06T01:25:20.954352
P0020,W04,211,266,2026-09-06T01:25:20.954352
P0020,W05,897,109,2026-09-06T01:25:20.954352
P0020,W06,116,126,2026-09-06T01:25:20.954352
P0020,W07,688,132,2026-09-06T01:25:20.954352
P0020,W08,462,154,2026-09-06T01:25:20.954352
P0021,W01,545,156,2026-09-06T01:25:20.954352
P0021,W02,877,123,2026-09-06T01:25:20.954352
P0021,W03,680,233,2026-09-06T01:25:20.954352
P0021,W04,646,266,2026-09-06T01:25:20.954352
P0021,W05,89,216,2026-09-06T01:25:20.954352
P0021,W06,166,107,2026-09-06T01:25:20.954352
P0021,W07,960,162,2026-09-06T01:25:20.954352
P0021,W08,987,181,2026-09-06T01:25:20.954352
P0022,W01,481,250,2026-09-06T01:25:20.954352
P0022,W02,389,191,2026-09-06T01:25:20.954352
P0022,W03,977,208,2026-09-06T01:25:20.954352
P0022,W04,265,103,2026-09-06T01:25:20.954352
P0022,W05,31,116,2026-09-06T01:25:20.954352
P0022,W06,583,116,2026-09-06T01:25:20.954352
P0022,W07,681,298,2026-09-06T01:25:20.954352
P0022,W08,872,266,2026-09-06T01:25:20.954352
P0023,W01,952,288,2026-09-06T01:25:20.954352
P0023,W02,932,181,2026-09-06T01:25:20.954352
P0023,W03,297,133,2026-09-06T01:25:20.954352
P0023,W04,799,202,2026-09-06T01:25:20.954352
P0023,W05,740,114,2026-09-06T01:25:20.954352
P0023,W06,726,212,2026-09-06T01:25:20.954352
P0023,W07,566,138,2026-09-06T01:25:20.954352
P0023,W08,872,174,2026-09-06T01:25:20.954352
P0024,W01,76,131,2026-09-06T01:25:20.954352
P0024,W02,431,171,2026-09-06T01:25:20.954352
P0024,W03,210,169,2026-09-06T01:25:20.954352
P0024,W04,780,276,2026-09-06T01:25:20.954352
P0024,W05,176,177,2026-09-06T01:25:20.954352
P0024,W06,983,269,2026-09-06T01:25:20.954352
P0024,W07,724,117,2026-09-06T01:25:20.954352
P0024,W08,856,131,2026-09-06T01:25:20.954352
P0025,W01,259,221,2026-09-06T01:25:20.954352
P0025,W02,324,174,2026-09-06T01:25:20.954352
P0025,W03,674,201,2026-09-06T01:25:20.954352
P0025,W04,965,211,2026-09-06T01:25:20.954352
P0025,W05,147,170,2026-09-06T01:25:20.954352
P0025,W06,931,292,2026-09-06T01:25:20.954352
P0025,W07,540,137,2026-09-06T01:25:20.954352
P0025,W08,129,158,2026-09-06T01:25:20.954352
P0026,W01,975,115,2026-09-06T01:25:20.954352
P0026,W02,659,208,2026-09-06T01:25:20.954352
P0026,W03,916,175,2026-09-06T01:25:20.954352
P0026,W04,129,290,2026-09-06T01:25:20.954352
P0026,W05,75,120,2026-09-06T01:25:20.954352
P0026,W06,432,230,2026-09-06T01:25:20.954352
P0026,W07,267,202,2026-09-06T01:25:20.954352
P0026,W08,56,157,2026-09-06T01:25:20.954352
P0027,W01,530,252,2026-09-06T01:25:20.954352
P0027,W02,828,189,2026-09-06T01:25:20.954352
P0027,W03,100,260,2026-09-06T01:25:20.954352
P0027,W04,718,186,2026-09-06T01:25:20.954352
P0027,W05,628,138,2026-09-06T01:25:20.954352
P0027,W06,243,171,2026-09-06T01:25:20.954352
P0027,W07,941,276,2026-09-06T01:25:20.954352
P0027,W08,432,200,2026-09-06T01:25:20.954352
P0028,W01,326,137,2026-09-06T01:25:20.954352
P0028,W02,66,292,2026-09-06T01:25:20.954352
P0028,W03,507,173,2026-09-06T01:25:20.954352
P0028,W04,434,165,2026-09-06T01:25:20.954352
P0028,W05,332,148,2026-09-06T01:25:20.954352
P0028,W06,779,159,2026-09-06T01:25:20.954352
P0028,W07,100,210,2026-09-06T01:25:20.954352
P0028,W08,770,169,2026-09-06T01:25:20.954352
P0029,W01,594,180,2026-09-06T01:25:20.954352
P0029,W02,9,210,2026-09-06T01:25:20.954352
P0029,W03,34,299,2026-09-06T01:25:20.954352
P0029,W04,331,265,2026-09-06T01:25:20.954352
P0029,W05,841,173,2026-09-06T01:25:20.954352
P0029,W06,105,124,2026-09-06T01:25:20.954352
P0029,W07,707,154,2026-09-06T01:25:20.954352
P0029,W08,487,267,2026-09-06T01:25:20.954352
P0030,W01,106,157,2026-09-06T01:25:20.954352
P0030,W02,657,272,2026-09-06T01:25:20.954352
P0030,W03,297,264,2026-09-06T01:25:20.954352
P0030,W04,435,290,2026-09-06T01:25:20.954352
P0030,W05,906,161,2026-09-06T01:25:20.954352
P0030,W06,647,126,2026-09-06T01:25:20.954352
P0030,W07,775,275,2026-09-06T01:25:20.954352
P0030,W08,12,227,2026-09-06T01:25:20.954352
P0031,W01,556,253,2026-09-06T01:25:20.954352
P0031,W02,868,275,2026-09-06T01:25:20.954352
P0031,W03,46,263,2026-09-06T01:25:20.954352
P0031,W04,495,237,2026-09-06T01:25:20.954352
P0031,W05,438,247,2026-09-06T01:25:20.954352
P0031,W06,855,275,2026-09-06T01:25:20.954352
P0031,W07,767,182,2026-09-06T01:25:20.954352
P0031,W08,463,291,2026-09-06T01:25:20.954352
P0032,W01,384,113,2026-09-06T01:25:20.954352
P0032,W02,114,242,2026-09-06T01:25:20.954352
P0032,W03,819,296,2026-09-06T01:25:20.954352
P0032,W04,539,158,2026-09-06T01:25:20.954352
P0032,W05,14,170,2026-09-06T01:25:20.954352
P0032,W06,109,278,2026-09-06T01:25:20.954352
P0032,W07,689,182,2026-09-06T01:25:20.954352
P0032,W08,649,171,2026-09-06T01:25:20.954352
P0033,W01,654,172,2026-09-06T01:25:20.954352
P0033,W02,500,178,2026-09-06T01:25:20.954352
P0033,W03,857,227,2026-09-06T01:25:20.954352
P0033,W04,246,160,2026-09-06T01:25:20.954352
P0033,W05,273,279,2026-09-06T01:25:20.954352
P0033,W06,228,195,2026-09-06T01:25:20.954352
P0033,W07,670,267,2026-09-06T01:25:20.954352
P0033,W08,877,255,2026-09-06T01:25:20.954352
P0034,W01,480,163,2026-09-06T01:25:20.954352
P0034,W02,442,294,2026-09-06T01:25:20.954352
P0034,W03,617,222,2026-09-06T01:25:20.954352
P0034,W04,35,124,2026-09-06T01:25:20.954352
P0034,W05,680,209,2026-09-06T01:25:20.954352
P0034,W06,514,297,2026-09-06T01:25:20.954352
P0034,W07,368,139,2026-09-06T01:25:20.954352
P0034,W08,856,192,2026-09-06T01:25:20.954352
P0035,W01,856,161,2026-09-06T01:25:20.954352
P0035,W02,78,270,2026-09-06T01:25:20.954352
P0035,W03,828,279,2026-09-06T01:25:20.954352
P0035,W04,495,181,2026-09-06T01:25:20.954352
P0035,W05,49,165,2026-09-06T01:25:20.954352
P0035,W06,4,244,2026-09-06T01:25:20.954352
P0035,W07,219,221,2026-09-06T01:25:20.954352
P0035,W08,18,121,2026-09-06T01:25:20.954352
P0036,W01,933,291,2026-09-06T01:25:20.954352
P0036,W02,118,232,2026-09-06T01:25:20.954352
P0036,W03,335,259,2026-09-06T01:25:20.954352
P0036,W04,407,242,2026-09-06T01:25:20.954352
P0036,W05,586,278,2026-09-06T01:25:20.954352
P0036,W06,458,168,2026-09-06T01:25:20.954352
P0036,W07,659,104,2026-09-06T01:25:20.954352
P0036,W08,755,258,2026-09-06T01:25:20.954352
P0037,W01,367,143,2026-09-06T01:25:20.954352
P0037,W02,578,105,2026-09-06T01:25:20.954352
P0037,W03,335,285,2026-09-06T01:25:20.954352
P0037,W04,806,268,2026-09-06T01:25:20.954352
P0037,W05,960,190,2026-09-06T01:25:20.954352
P0037,W06,33,253,2026-09-06T01:25:20.954352
P0037,W07,358,223,2026-09-06T01:25:20.954352
P0037,W08,943,246,2026-09-06T01:25:20.954352
P0038,W01,156,228,2026-09-06T01:25:20.954352
P0038,W02,69,235,2026-09-06T01:25:20.954352
P0038,W03,273,214,2026-09-06T01:25:20.954352
P0038,W04,747,139,2026-09-06T01:25:20.954352
P0038,W05,399,201,2026-09-06T01:25:20.954352
P0038,W06,517,112,2026-09-06T01:25:20.954352
P0038,W07,406,152,2026-09-06T01:25:20.954352
P0038,W08,758,255,2026-09-06T01:25:20.954352
P0039,W01,620,262,2026-09-06T01:25:20.954352
P0039,W02,913,144,2026-09-06T01:25:20.954352
P0039,W03,294,119,2026-09-06T01:25:20.954352
P0039,W04,436,262,2026-09-06T01:25:20.954352
P0039,W05,97,123,2026-09-06T01:25:20.954352
P0039,W06,611,188,2026-09-06T01:25:20.954352
P0039,W07,882,168,2026-09-06T01:25:20.954352
P0039,W08,36,276,2026-09-06T01:25:20.954352
P0040,W01,738,285,2026-09-06T01:25:20.954352
P0040,W02,944,262,2026-09-06T01:25:20.954352
P0040,W03,849,197,2026-09-06T01:25:20.954352
P0040,W04,181,289,2026-09-06T01:25:20.954352
P0040,W05,499,231,2026-09-06T01:25:20.954352
P0040,W06,661,256,2026-09-06T01:25:20.954352
P0040,W07,26,230,2026-09-06T01:25:20.954352
P0040,W08,1000,236,2026-09-06T01:25:20.954352
P0041,W01,753,290,2026-09-06T01:25:20.954352
P0041,W02,671,113,2026-09-06T01:25:20.954352
P0041,W03,403,228,2026-09-06T01:25:20.954352
P0041,W04,818,151,2026-09-06T01:25:20.954352
P0041,W05,91,295,2026-09-06T01:25:20.954352
P0041,W06,125,138,2026-09-06T01:25:20.954352
P0041,W07,983,270,2026-09-06T01:25:20.954352
P0041,W08,841,130,2026-09-06T01:25:20.954352
P0042,W01,471,249,2026-09-06T01:25:20.954352
P0042,W02,340,254,2026-09-06T01:25:20.954352
P0042,W03,142,241,2026-09-06T01:25:20.954352
P0042,W04,152,299,2026-09-06T01:25:20.954352
P0042,W05,845,141,2026-09-06T01:25:20.954352
P0042,W06,214,161,2026-09-06T01:25:20.954352
P0042,W07,978,120,2026-09-06T01:25:20.954352
P0042,W08,189,184,2026-09-06T01:25:20.954352
P0043,W01,399,224,2026-09-06T01:25:20.954352
P0043,W02,510,135,2026-09-06T01:25:20.954352
P0043,W03,354,100,2026-09-06T01:25:20.954352
P0043,W04,844,276,2026-09-06T01:25:20.954352
P0043,W05,725,154,2026-09-06T01:25:20.954352
P0043,W06,531,188,2026-09-06T01:25:20.954352
P0043,W07,965,293,2026-09-06T01:25:20.954352
P0043,W08,913,209,2026-09-06T01:25:20.954352
P0044,W01,126,208,2026-09-06T01:25:20.954352
P0044,W02,179,276,2026-09-06T01:25:20.954352
P0044,W03,471,279,2026-09-06T01:25:20.954352
P0044,W04,118,166,2026-09-06T01:25:20.954352
P0044,W05,94,148,2026-09-06T01:25:20.954352
P0044,W06,285,144,2026-09-06T01:25:20.954352
P0044,W07,508,267,2026-09-06T01:25:20.954352
P0044,W08,725,226,2026-09-06T01:25:20.954352
P0045,W01,193,136,2026-09-06T01:25:20.954352
P0045,W02,206,180,2026-09-06T01:25:20.954352
P0045,W03,666,225,2026-09-06T01:25:20.954352
P0045,W04,238,279,2026-09-06T01:25:20.954352
P0045,W05,501,165,2026-09-06T01:25:20.954352
P0045,W06,184,300,2026-09-06T01:25:20.954352
P0045,W07,103,273,2026-09-06T01:25:20.954352
P0045,W08,917,179,2026-09-06T01:25:20.954352
P0046,W01,739,138,2026-09-06T01:25:20.954352
P0046,W02,12,255,2026-09-06T01:25:20.954352
P0046,W03,258,147,2026-09-06T01:25:20.954352
P0046,W04,35,212,2026-09-06T01:25:20.954352
P0046,W05,608,161,2026-09-06T01:25:20.954352
P0046,W06,917,223,2026-09-06T01:25:20.954352
P0046,W07,267,128,2026-09-06T01:25:20.954352
P0046,W08,378,266,2026-09-06T01:25:20.954352
P0047,W01,520,216,2026-09-06T01:25:20.954352
P0047,W02,67,258,2026-09-06T01:25:20.954352
P0047,W03,725,257,2026-09-06T01:25:20.954352
P0047,W04,294,136,2026-09-06T01:25:20.954352
P0047,W05,350,112,2026-09-06T01:25:20.954352
P0047,W06,1000,269,2026-09-06T01:25:20.954352
P0047,W07,337,245,2026-09-06T01:25:20.954352
P0047,W08,139,269,2026-09-06T01:25:20.954352
P0048,W01,982,184,2026-09-06T01:25:20.954352
P0048,W02,231,264,2026-09-06T01:25:20.954352
P0048,W03,826,100,2026-09-06T01:25:20.954352
P0048,W04,884,296,2026-09-06T01:25:20.954352
P0048,W05,588,193,2026-09-06T01:25:20.954352
P0048,W06,367,276,2026-09-06T01:25:20.954352
P0048,W07,868,289,2026-09-06T01:25:20.954352
P0048,W08,700,240,2026-09-06T01:25:20.954352
P0049,W01,503,226,2026-09-06T01:25:20.954352
P0049,W02,622,280,2026-09-06T01:25:20.954352
P0049,W03,621,157,2026-09-06T01:25:20.954352
P0049,W04,404,175,2026-09-06T01:25:20.954352
P0049,W05,687,300,2026-09-06T01:25:20.954352
P0049,W06,186,225,2026-09-06T01:25:20.954352
P0049,W07,215,217,2026-09-06T01:25:20.954352
P0049,W08,599,189,2026-09-06T01:25:20.954352
P0050,W01,464,138,2026-09-06T01:25:20.954352
P0050,W02,227,233,2026-09-06T01:25:20.954352
P0050,W03,738,260,2026-09-06T01:25:20.954352
P0050,W04,101,208,2026-09-06T01:25:20.954352
P0050,W05,983,274,2026-09-06T01:25:20.954352
P0050,W06,803,118,2026-09-06T01:25:20.954352
P0050,W07,130,249,2026-09-06T01:25:20.954352
P0050,W08,152,121,2026-09-06T01:25:20.954352
P0051,W01,245,182,2026-09-06T01:25:20.954352
P0051,W02,106,126,2026-09-06T01:25:20.954352
P0051,W03,675,262,2026-09-06T01:25:20.954352
P0051,W04,75,161,2026-09-06T01:25:20.954352
P0051,W05,671,153,2026-09-06T01:25:20.954352
P0051,W06,51,127,2026-09-06T01:25:20.954352
P0051,W07,30,221,2026-09-06T01:25:20.954352
P0051,W08,336,148,2026-09-06T01:25:20.954352
P0052,W01,381,295,2026-09-06T01:25:20.954352
P0052,W02,692,111,2026-09-06T01:25:20.954352
P0052,W03,182,166,2026-09-06T01:25:20.954352
P0052,W04,414,247,2026-09-06T01:25:20.954352
P0052,W05,285,234,2026-09-06T01:25:20.954352
P0052,W06,852,298,2026-09-06T01:25:20.954352
P0052,W07,832,173,2026-09-06T01:25:20.954352
P0052,W08,728,287,2026-09-06T01:25:20.954352
P0053,W01,897,126,2026-09-06T01:25:20.954352
P0053,W02,174,154,2026-09-06T01:25:20.954352
P0053,W03,142,286,2026-09-06T01:25:20.954352
P0053,W04,129,146,2026-09-06T01:25:20.954352
P0053,W05,233,143,2026-09-06T01:25:20.954352
P0053,W06,928,108,2026-09-06T01:25:20.954352
P0053,W07,571,223,2026-09-06T01:25:20.954352
P0053,W08,804,163,2026-09-06T01:25:20.954352
P0054,W01,536,292,2026-09-06T01:25:20.954352
P0054,W02,329,280,2026-09-06T01:25:20.954352
P0054,W03,880,221,2026-09-06T01:25:20.954352
P0054,W04,60,296,2026-09-06T01:25:20.954352
P0054,W05,775,295,2026-09-06T01:25:20.954352
P0054,W06,736,247,2026-09-06T01:25:20.954352
P0054,W07,311,153,2026-09-06T01:25:20.954352
P0054,W08,598,126,2026-09-06T01:25:20.954352
P0055,W01,254,222,2026-09-06T01:25:20.954352
P0055,W02,12,234,2026-09-06T01:25:20.954352
P0055,W03,998,190,2026-09-06T01:25:20.954352
P0055,W04,575,212,2026-09-06T01:25:20.954352
P0055,W05,981,232,2026-09-06T01:25:20.954352
P0055,W06,210,222,2026-09-06T01:25:20.954352
P0055,W07,632,143,2026-09-06T01:25:20.954352
P0055,W08,126,157,2026-09-06T01:25:20.954352
P0056,W01,972,128,2026-09-06T01:25:20.954352
P0056,W02,434,289,2026-09-06T01:25:20.954352
P0056,W03,567,147,2026-09-06T01:25:20.954352
P0056,W04,143,196,2026-09-06T01:25:20.954352
P0056,W05,665,113,2026-09-06T01:25:20.954352
P0056,W06,528,101,2026-09-06T01:25:20.954352
P0056,W07,632,252,2026-09-06T01:25:20.954352
P0056,W08,214,214,2026-09-06T01:25:20.954352
P0057,W01,69,195,2026-09-06T01:25:20.954352
P0057,W02,109,259,2026-09-06T01:25:20.954352
P0057,W03,237,119,2026-09-06T01:25:20.954352
P0057,W04,947,214,2026-09-06T01:25:20.954352
P0057,W05,862,239,2026-09-06T01:25:20.954352
P0057,W06,308,169,2026-09-06T01:25:20.954352
P0057,W07,731,253,2026-09-06T01:25:20.954352
P0057,W08,557,243,2026-09-06T01:25:20.954352
P0058,W01,805,297,2026-09-06T01:25:20.954352
P0058,W02,823,163,2026-09-06T01:25:20.954352
P0058,W03,553,100,2026-09-06T01:25:20.954352
P0058,W04,202,213,2026-09-06T01:25:20.954352
P0058,W05,653,171,2026-09-06T01:25:20.954352
P0058,W06,665,212,2026-09-06T01:25:20.954352
P0058,W07,909,289,2026-09-06T01:25:20.954352
P0058,W08,823,159,2026-09-06T01:25:20.954352
P0059,W01,556,131,2026-09-06T01:25:20.954352
P0059,W02,98,157,2026-09-06T01:25:20.954352
P0059,W03,812,153,2026-09-06T01:25:20.954352
P0059,W04,456,115,2026-09-06T01:25:20.954352
P0059,W05,687,164,2026-09-06T01:25:20.954352
P0059,W06,588,168,2026-09-06T01:25:20.954352
P0059,W07,405,143,2026-09-06T01:25:20.954352
P0059,W08,313,193,2026-09-06T01:25:20.954352
P0060,W01,320,178,2026-09-06T01:25:20.954352
P0060,W02,31,212,2026-09-06T01:25:20.954352
P0060,W03,876,224,2026-09-06T01:25:20.954352
P0060,W04,903,103,2026-09-06T01:25:20.954352
P0060,W05,15,182,2026-09-06T01:25:20.954352
P0060,W06,935,159,2026-09-06T01:25:20.954352
P0060,W07,940,191,2026-09-06T01:25:20.954352
P0060,W08,329,266,2026-09-06T01:25:20.954352
P0061,W01,965,229,2026-09-06T01:25:20.954352
P0061,W02,531,133,2026-09-06T01:25:20.954352
P0061,W03,874,152,2026-09-06T01:25:20.954352
P0061,W04,939,167,2026-09-06T01:25:20.954352
P0061,W05,565,285,2026-09-06T01:25:20.954352
P0061,W06,103,270,2026-09-06T01:25:20.954352
P0061,W07,127,299,2026-09-06T01:25:20.954352
P0061,W08,523,107,2026-09-06T01:25:20.954352
P0062,W01,683,242,2026-09-06T01:25:20.954352
P0062,W02,830,145,2026-09-06T01:25:20.954352
P0062,W03,578,266,2026-09-06T01:25:20.954352
P0062,W04,763,159,2026-09-06T01:25:20.954352
P0062,W05,529,182,2026-09-06T01:25:20.954352
P0062,W06,59,134,2026-09-06T01:25:20.954352
P0062,W07,746,236,2026-09-06T01:25:20.954352
P0062,W08,287,225,2026-09-06T01:25:20.954352
P0063,W01,492,251,2026-09-06T01:25:20.954352
P0063,W02,998,241,2026-09-06T01:25:20.954352
P0063,W03,782,142,2026-09-06T01:25:20.954352
P0063,W04,984,187,2026-09-06T01:25:20.954352
P0063,W05,527,224,2026-09-06T01:25:20.954352
P0063,W06,753,190,2026-09-06T01:25:20.954352
P0063,W07,224,218,2026-09-06T01:25:20.954352
P0063,W08,71,195,2026-09-06T01:25:20.954352
P0064,W01,436,297,2026-09-06T01:25:20.954352
P0064,W02,301,125,2026-09-06T01:25:20.954352
P0064,W03,328,160,2026-09-06T01:25:20.954352
P0064,W04,221,290,2026-09-06T01:25:20.954352
P0064,W05,34,214,2026-09-06T01:25:20.954352
P0064,W06,790,104,2026-09-06T01:25:20.954352
P0064,W07,390,205,2026-09-06T01:25:20.954352
P0064,W08,426,274,2026-09-06T01:25:20.954352
P0065,W01,913,226,2026-09-06T01:25:20.954352
P0065,W02,62,265,2026-09-06T01:25:20.954352
P0065,W03,911,269,2026-09-06T01:25:20.954352
P0065,W04,714,202,2026-09-06T01:25:20.954352
P0065,W05,218,295,2026-09-06T01:25:20.954352
P0065,W06,927,159,2026-09-06T01:25:20.954352
P0065,W07,92,125,2026-09-06T01:25:20.954352
P0065,W08,586,117,2026-09-06T01:25:20.954352
P0066,W01,735,210,2026-09-06T01:25:20.954352
P0066,W02,713,123,2026-09-06T01:25:20.954352
P0066,W03,106,251,2026-09-06T01:25:20.954352
P0066,W04,340,186,2026-09-06T01:25:20.954352
P0066,W05,761,156,2026-09-06T01:25:20.954352
P0066,W06,26,252,2026-09-06T01:25:20.954352
P0066,W07,250,225,2026-09-06T01:25:20.954352
P0066,W08,210,285,2026-09-06T01:25:20.954352
P0067,W01,116,148,2026-09-06T01:25:20.954352
P0067,W02,261,275,2026-09-06T01:25:20.954352
P0067,W03,58,158,2026-09-06T01:25:20.954352
P0067,W04,499,226,2026-09-06T01:25:20.954352
P0067,W05,637,119,2026-09-06T01:25:20.954352
P0067,W06,995,219,2026-09-06T01:25:20.954352
P0067,W07,8,298,2026-09-06T01:25:20.954352
P0067,W08,970,155,2026-09-06T01:25:20.954352
P0068,W01,497,246,2026-09-06T01:25:20.954352
P0068,W02,646,266,2026-09-06T01:25:20.954352
P0068,W03,216,107,2026-09-06T01:25:20.954352
P0068,W04,424,124,2026-09-06T01:25:20.954352
P0068,W05,830,237,2026-09-06T01:25:20.954352
P0068,W06,594,135,2026-09-06T01:25:20.954352
P0068,W07,900,113,2026-09-06T01:25:20.954352
P0068,W08,917,103,2026-09-06T01:25:20.954352
P0069,W01,293,194,2026-09-06T01:25:20.954352
P0069,W02,529,133,2026-09-06T01:25:20.954352
P0069,W03,46,222,2026-09-06T01:25:20.954352
P0069,W04,147,124,2026-09-06T01:25:20.954352
P0069,W05,400,146,2026-09-06T01:25:20.954352
P0069,W06,848,169,2026-09-06T01:25:20.954352
P0069,W07,459,277,2026-09-06T01:25:20.954352
P0069,W08,305,132,2026-09-06T01:25:20.954352
P0070,W01,305,210,2026-09-06T01:25:20.954352
P0070,W02,572,169,2026-09-06T01:25:20.954352
P0070,W03,954,222,2026-09-06T01:25:20.954352
P0070,W04,249,137,2026-09-06T01:25:20.954352
P0070,W05,368,182,2026-09-06T01:25:20.954352
P0070,W06,62,296,2026-09-06T01:25:20.954352
P0070,W07,434,184,2026-09-06T01:25:20.954352
P0070,W08,854,134,2026-09-06T01:25:20.954352
P0071,W01,589,269,2026-09-06T01:25:20.954352
P0071,W02,620,106,2026-09-06T01:25:20.954352
P0071,W03,343,283,2026-09-06T01:25:20.954352
P0071,W04,912,156,2026-09-06T01:25:20.954352
P0071,W05,393,212,2026-09-06T01:25:20.954352
P0071,W06,639,262,2026-09-06T01:25:20.954352
P0071,W07,122,133,2026-09-06T01:25:20.954352
P0071,W08,24,215,2026-09-06T01:25:20.954352
P0072,W01,162,291,2026-09-06T01:25:20.954352
P0072,W02,745,108,2026-09-06T01:25:20.954352
P0072,W03,636,188,2026-09-06T01:25:20.954352
P0072,W04,488,240,2026-09-06T01:25:20.954352
P0072,W05,832,269,2026-09-06T01:25:20.954352
P0072,W06,992,254,2026-09-06T01:25:20.954352
P0072,W07,23,159,2026-09-06T01:25:20.954352
P0072,W08,321,278,2026-09-06T01:25:20.954352
P0073,W01,998,279,2026-09-06T01:25:20.954352
P0073,W02,328,102,2026-09-06T01:25:20.954352
P0073,W03,942,237,2026-09-06T01:25:20.954352
P0073,W04,101,245,2026-09-06T01:25:20.954352
P0073,W05,618,292,2026-09-06T01:25:20.954352
P0073,W06,821,206,2026-09-06T01:25:20.954352
P0073,W07,552,291,2026-09-06T01:25:20.954352
P0073,W08,269,171,2026-09-06T01:25:20.954352
P0074,W01,329,211,2026-09-06T01:25:20.954352
P0074,W02,334,280,2026-09-06T01:25:20.954352
P0074,W03,457,290,2026-09-06T01:25:20.954352
P0074,W04,713,284,2026-09-06T01:25:20.954352
P0074,W05,551,299,2026-09-06T01:25:20.954352
P0074,W06,81,286,2026-09-06T01:25:20.954352
P0074,W07,457,167,2026-09-06T01:25:20.954352
P0074,W08,301,147,2026-09-06T01:25:20.954352
P0075,W01,34,180,2026-09-06T01:25:20.954352
P0075,W02,266,114,2026-09-06T01:25:20.954352
P0075,W03,948,262,2026-09-06T01:25:20.954352
P0075,W04,370,121,2026-09-06T01:25:20.954352
P0075,W05,997,194,2026-09-06T01:25:20.954352
P0075,W06,945,276,2026-09-06T01:25:20.954352
P0075,W07,681,183,2026-09-06T01:25:20.954352
P0075,W08,429,223,2026-09-06T01:25:20.954352
P0076,W01,816,171,2026-09-06T01:25:20.954352
P0076,W02,9,244,2026-09-06T01:25:20.954352
P0076,W03,805,144,2026-09-06T01:25:20.954352
P0076,W04,49,129,2026-09-06T01:25:20.954352
P0076,W05,746,200,2026-09-06T01:25:20.954352
P0076,W06,661,227,2026-09-06T01:25:20.954352
P0076,W07,818,180,2026-09-06T01:25:20.954352
P0076,W08,615,288,2026-09-06T01:25:20.954352
P0077,W01,611,273,2026-09-06T01:25:20.954352
P0077,W02,248,109,2026-09-06T01:25:20.954352
P0077,W03,946,106,2026-09-06T01:25:20.954352
P0077,W04,73,157,2026-09-06T01:25:20.954352
P0077,W05,905,165,2026-09-06T01:25:20.954352
P0077,W06,884,260,2026-09-06T01:25:20.954352
P0077,W07,80,177,2026-09-06T01:25:20.954352
P0077,W08,894,108,2026-09-06T01:25:20.954352
P0078,W01,357,288,2026-09-06T01:25:20.954352
P0078,W02,644,237,2026-09-06T01:25:20.954352
P0078,W03,53,199,2026-09-06T01:25:20.954352
P0078,W04,645,222,2026-09-06T01:25:20.954352
P0078,W05,19,246,2026-09-06T01:25:20.954352
P0078,W06,73,165,2026-09-06T01:25:20.954352
P0078,W07,802,169,2026-09-06T01:25:20.954352
P0078,W08,976,210,2026-09-06T01:25:20.954352
P0079,W01,367,179,2026-09-06T01:25:20.954352
P0079,W02,531,165,2026-09-06T01:25:20.954352
P0079,W03,5,112,2026-09-06T01:25:20.954352
P0079,W04,13,110,2026-09-06T01:25:20.954352
P0079,W05,910,175,2026-09-06T01:25:20.954352
P0079,W06,38,105,2026-09-06T01:25:20.954352
P0079,W07,299,282,2026-09-06T01:25:20.954352
P0079,W08,422,165,2026-09-06T01:25:20.954352
P0080,W01,869,191,2026-09-06T01:25:20.954352
P0080,W02,257,259,2026-09-06T01:25:20.954352
P0080,W03,473,198,2026-09-06T01:25:20.954352
P0080,W04,541,154,2026-09-06T01:25:20.954352
P0080,W05,302,287,2026-09-06T01:25:20.954352
P0080,W06,990,237,2026-09-06T01:25:20.954352
P0080,W07,829,212,2026-09-06T01:25:20.954352
P0080,W08,359,143,2026-09-06T01:25:20.954352
P0081,W01,369,204,2026-09-06T01:25:20.954352
P0081,W02,19,172,2026-09-06T01:25:20.954352
P0081,W03,916,241,2026-09-06T01:25:20.954352
P0081,W04,594,254,2026-09-06T01:25:20.954352
P0081,W05,145,172,2026-09-06T01:25:20.954352
P0081,W06,405,208,2026-09-06T01:25:20.954352
P0081,W07,137,180,2026-09-06T01:25:20.954352
P0081,W08,454,208,2026-09-06T01:25:20.954352
P0082,W01,61,121,2026-09-06T01:25:20.954352
P0082,W02,989,149,2026-09-06T01:25:20.954352
P0082,W03,543,110,2026-09-06T01:25:20.954352
P0082,W04,713,220,2026-09-06T01:25:20.954352
P0082,W05,616,184,2026-09-06T01:25:20.954352
P0082,W06,756,120,2026-09-06T01:25:20.954352
P0082,W07,91,229,2026-09-06T01:25:20.954352
P0082,W08,114,143,2026-09-06T01:25:20.954352
P0083,W01,683,127,2026-09-06T01:25:20.954352
P0083,W02,811,198,2026-09-06T01:25:20.954352
P0083,W03,361,145,2026-09-06T01:25:20.954352
P0083,W04,697,268,2026-09-06T01:25:20.954352
P0083,W05,381,115,2026-09-06T01:25:20.954352
P0083,W06,570,272,2026-09-06T01:25:20.954352
P0083,W07,120,194,2026-09-06T01:25:20.954352
P0083,W08,579,184,2026-09-06T01:25:20.954352
P0084,W01,616,105,2026-09-06T01:25:20.954352
P0084,W02,315,161,2026-09-06T01:25:20.954352
P0084,W03,111,186,2026-09-06T01:25:20.954352
P0084,W04,962,105,2026-09-06T01:25:20.954352
P0084,W05,449,118,2026-09-06T01:25:20.954352
P0084,W06,794,227,2026-09-06T01:25:20.954352
P0084,W07,262,118,2026-09-06T01:25:20.954352
P0084,W08,647,210,2026-09-06T01:25:20.954352
P0085,W01,700,170,2026-09-06T01:25:20.954352
P0085,W02,492,223,2026-09-06T01:25:20.954352
P0085,W03,877,296,2026-09-06T01:25:20.954352
P0085,W04,993,284,2026-09-06T01:25:20.954352
P0085,W05,677,199,2026-09-06T01:25:20.954352
P0085,W06,899,148,2026-09-06T01:25:20.954352
P0085,W07,838,297,2026-09-06T01:25:20.954352
P0085,W08,853,125,2026-09-06T01:25:20.954352
P0086,W01,640,110,2026-09-06T01:25:20.954352
P0086,W02,707,158,2026-09-06T01:25:20.954352
P0086,W03,795,140,2026-09-06T01:25:20.954352
P0086,W04,717,163,2026-09-06T01:25:20.954352
P0086,W05,124,249,2026-09-06T01:25:20.954352
P0086,W06,469,202,2026-09-06T01:25:20.954352
P0086,W07,483,114,2026-09-06T01:25:20.954352
P0086,W08,166,192,2026-09-06T01:25:20.954352
P0087,W01,314,196,2026-09-06T01:25:20.954352
P0087,W02,102,205,2026-09-06T01:25:20.954352
P0087,W03,522,165,2026-09-06T01:25:20.954352
P0087,W04,942,174,2026-09-06T01:25:20.954352
P0087,W05,284,197,2026-09-06T01:25:20.954352
P0087,W06,607,207,2026-09-06T01:25:20.954352
P0087,W07,289,193,2026-09-06T01:25:20.954352
P0087,W08,779,264,2026-09-06T01:25:20.954352
P0088,W01,517,255,2026-09-06T01:25:20.954352
P0088,W02,924,294,2026-09-06T01:25:20.954352
P0088,W03,184,164,2026-09-06T01:25:20.954352
P0088,W04,699,178,2026-09-06T01:25:20.954352
P0088,W05,86,270,2026-09-06T01:25:20.954352
P0088,W06,555,158,2026-09-06T01:25:20.954352
P0088,W07,189,230,2026-09-06T01:25:20.954352
P0088,W08,916,297,2026-09-06T01:25:20.954352
P0089,W01,68,122,2026-09-06T01:25:20.954352
P0089,W02,876,161,2026-09-06T01:25:20.954352
P0089,W03,884,213,2026-09-06T01:25:20.954352
P0089,W04,647,132,2026-09-06T01:25:20.954352
P0089,W05,278,290,2026-09-06T01:25:20.954352
P0089,W06,699,274,2026-09-06T01:25:20.954352
P0089,W07,285,296,2026-09-06T01:25:20.954352
P0089,W08,504,282,2026-09-06T01:25:20.954352
P0090,W01,609,281,2026-09-06T01:25:20.954352
P0090,W02,160,299,2026-09-06T01:25:20.954352
P0090,W03,592,217,2026-09-06T01:25:20.954352
P0090,W04,766,283,2026-09-06T01:25:20.954352
P0090,W05,332,247,2026-09-06T01:25:20.954352
P0090,W06,94,283,2026-09-06T01:25:20.954352
P0090,W07,879,168,2026-09-06T01:25:20.954352
P0090,W08,937,176,2026-09-06T01:25:20.954352
P0091,W01,994,235,2026-09-06T01:25:20.954352
P0091,W02,931,247,2026-09-06T01:25:20.954352
P0091,W03,313,105,2026-09-06T01:25:20.954352
P0091,W04,910,101,2026-09-06T01:25:20.954352
P0091,W05,588,269,2026-09-06T01:25:20.954352
P0091,W06,316,198,2026-09-06T01:25:20.954352
P0091,W07,347,294,2026-09-06T01:25:20.954352
P0091,W08,884,239,2026-09-06T01:25:20.954352
P0092,W01,261,203,2026-09-06T01:25:20.954352
P0092,W02,240,248,2026-09-06T01:25:20.954352
P0092,W03,158,264,2026-09-06T01:25:20.954352
P0092,W04,766,174,2026-09-06T01:25:20.954352
P0092,W05,573,289,2026-09-06T01:25:20.954352
P0092,W06,863,228,2026-09-06T01:25:20.954352
P0092,W07,506,243,2026-09-06T01:25:20.954352
P0092,W08,18,264,2026-09-06T01:25:20.954352
P0093,W01,980,222,2026-09-06T01:25:20.954352
P0093,W02,769,162,2026-09-06T01:25:20.954352
P0093,W03,489,201,2026-09-06T01:25:20.954352
P0093,W04,682,263,2026-09-06T01:25:20.954352
P0093,W05,689,222,2026-09-06T01:25:20.954352
P0093,W06,428,165,2026-09-06T01:25:20.954352
P0093,W07,874,246,2026-09-06T01:25:20.954352
P0093,W08,481,152,2026-09-06T01:25:20.954352
P0094,W01,463,235,2026-09-06T01:25:20.954352
P0094,W02,46,182,2026-09-06T01:25:20.954352
P0094,W03,254,170,2026-09-06T01:25:20.954352
P0094,W04,877,137,2026-09-06T01:25:20.954352
P0094,W05,359,128,2026-09-06T01:25:20.954352
P0094,W06,576,125,2026-09-06T01:25:20.954352
P0094,W07,875,237,2026-09-06T01:25:20.954352
P0094,W08,465,131,2026-09-06T01:25:20.954352
P0095,W01,433,132,2026-09-06T01:25:20.954352
P0095,W02,867,237,2026-09-06T01:25:20.954352
P0095,W03,585,214,2026-09-06T01:25:20.954352
P0095,W04,313,213,2026-09-06T01:25:20.954352
P0095,W05,445,217,2026-09-06T01:25:20.954352
P0095,W06,442,208,2026-09-06T01:25:20.954352
P0095,W07,710,202,2026-09-06T01:25:20.954352
P0095,W08,771,114,2026-09-06T01:25:20.954352
P0096,W01,708,256,2026-09-06T01:25:20.954352
P0096,W02,83,250,2026-09-06T01:25:20.954352
P0096,W03,123,253,2026-09-06T01:25:20.954352
P0096,W04,194,193,2026-09-06T01:25:20.954352
P0096,W05,167,197,2026-09-06T01:25:20.954352
P0096,W06,858,164,2026-09-06T01:25:20.954352
P0096,W07,129,187,2026-09-06T01:25:20.954352
P0096,W08,590,268,2026-09-06T01:25:20.954352
P0097,W01,664,256,2026-09-06T01:25:20.954352
P0097,W02,215,128,2026-09-06T01:25:20.954352
P0097,W03,459,211,2026-09-06T01:25:20.954352
P0097,W04,885,248,2026-09-06T01:25:20.954352
P0097,W05,508,103,2026-09-06T01:25:20.954352
P0097,W06,543,190,2026-09-06T01:25:20.954352
P0097,W07,430,292,2026-09-06T01:25:20.954352
P0097,W08,877,214,2026-09-06T01:25:20.954352
P0098,W01,326,247,2026-09-06T01:25:20.954352
P0098,W02,119,106,2026-09-06T01:25:20.954352
P0098,W03,643,195,2026-09-06T01:25:20.954352
P0098,W04,866,267,2026-09-06T01:25:20.954352
P0098,W05,446,287,2026-09-06T01:25:20.954352
P0098,W06,805,154,2026-09-06T01:25:20.954352
P0098,W07,815,287,2026-09-06T01:25:20.954352
P0098,W08,605,266,2026-09-06T01:25:20.954352
P0099,W01,687,206,2026-09-06T01:25:20.954352
P0099,W02,496,111,2026-09-06T01:25:20.954352
P0099,W03,677,177,2026-09-06T01:25:20.954352
P0099,W04,876,171,2026-09-06T01:25:20.954352
P0099,W05,803,214,2026-09-06T01:25:20.954352
P0099,W06,488,223,2026-09-06T01:25:20.954352
P0099,W07,938,128,2026-09-06T01:25:20.954352
P0099,W08,278,108,2026-09-06T01:25:20.954352
P0100,W01,363,215,2026-09-06T01:25:20.954352
P0100,W02,866,219,2026-09-06T01:25:20.954352
P0100,W03,967,114,2026-09-06T01:25:20.954352
P0100,W04,138,193,2026-09-06T01:25:20.954352
P0100,W05,974,291,2026-09-06T01:25:20.954352
P0100,W06,18,278,2026-09-06T01:25:20.954352
P0100,W07,87,192,2026-09-06T01:25:20.954352
P0100,W08,377,172,2026-09-06T01:25:20.954352
